<?xml version='1.0' encoding='UTF-8' standalone='no'?>
<doxygenindex xmlns:xsi="http://www.w3.org/2001/XMLSchema-instance" xsi:noNamespaceSchemaLocation="index.xsd" version="1.8.17">
  <compound refid="class_cpp_class" kind="class"><name>CppClass</name>
    <member refid="class_cpp_class_1a5ffd5399e21eb5b0f94fafe4c55d3124" kind="function"><name>member_function</name></member>
  </compound>
  <compound refid="func_8h" kind="file"><name>func.hpp</name>
    <member refid="func_8h_1a0b10437b2a2e3cfaf9eec911b525aad1" kind="function"><name>cpp_function</name></member>
  </compound>
</doxygenindex>
